user_id,txn_id,type_of_transaction,date_of_transaction,status,amount,transaction_month,Retained_status,,,,
1,51441,Credit,15-09-2023,Completed,2345.6,2023-09,Not_Retained,,,,
1,23104,Credit,19-09-2023,Completed,2578.84,2023-09,Not_Retained,,,,
1,55745,Credit,05-09-2023,Completed,1910.68,2023-09,Not_Retained,,,,
2,95717,Credit,20-11-2023,Failed,4665.6,2023-11,Not_Retained,,,,
2,27601,Debit to merchant account,04-11-2023,Completed,4459.59,2023-11,Not_Retained,,,,
2,82512,Debit to personal account,24-11-2023,Failed,1480.61,2023-11,Not_Retained,,,,
3,93130,Debit to merchant account,22-10-2023,Failed,1330.49,2023-10,Not_Retained,,,,
3,16658,Credit,28-10-2023,Failed,4163.81,2023-10,Not_Retained,,,,
4,44335,Debit to personal account,21-10-2023,Failed,2803.23,2023-10,Not_Retained,,,,
4,83519,Credit,14-10-2023,Completed,468.69,2023-10,Not_Retained,,,,
5,29410,Card transaction,18-09-2023,Completed,304.96,2023-09,Retained,,,,
5,15229,Debit to merchant account,12-09-2023,Completed,3442.13,2023-09,Retained,,,,
5,23473,Debit to merchant account,22-09-2023,Failed,4871.8,2023-09,Retained,,,,Column1
5,30257,Debit to personal account,24-09-2023,Completed,4883.41,2023-09,Retained,,,,5
5,33206,Card transaction,26-09-2023,Completed,978.87,2023-09,Retained,,,,12
5,63964,Debit to personal account,26-11-2023,Failed,880.07,2023-11,Retained,,,,13
5,24168,Card transaction,23-11-2023,Completed,4307.11,2023-11,Retained,,,,14
5,36158,Card transaction,08-11-2023,Failed,1595.44,2023-11,Retained,,,,16
5,13101,Debit to personal account,08-10-2023,Failed,1708.48,2023-10,Retained,,,,17
5,19099,Debit to merchant account,28-10-2023,Failed,3243.26,2023-10,Retained,,,,23
6,25118,Debit to merchant account,01-11-2023,Completed,2944.89,2023-11,Not_Retained,,,,31
6,15014,Credit,09-11-2023,Failed,1793.87,2023-11,Not_Retained,,,,36
6,51114,Card transaction,26-11-2023,Completed,1987.46,2023-11,Not_Retained,,,,40
7,78146,Debit to personal account,01-10-2023,Failed,2213.36,2023-10,Not_Retained,,,,43
7,53279,Debit to merchant account,22-10-2023,Completed,3626.8,2023-10,Not_Retained,,,,46
7,76469,Debit to merchant account,10-10-2023,Failed,1698.3,2023-10,Not_Retained,,,,49
7,48752,Debit to personal account,23-10-2023,Completed,2160.19,2023-10,Not_Retained,,,,51
7,32810,Debit to merchant account,22-09-2023,Failed,2784.89,2023-09,Not_Retained,,,,52
7,49829,Debit to merchant account,01-09-2023,Completed,2206.45,2023-09,Not_Retained,,,,54
7,89516,Debit to merchant account,19-09-2023,Failed,2264.75,2023-09,Not_Retained,,,,60
7,38010,Card transaction,22-09-2023,Completed,3328.37,2023-09,Not_Retained,,,,61
8,22240,Debit to personal account,11-11-2023,Failed,1200.74,2023-11,Not_Retained,,,,63
8,29313,Credit,07-11-2023,Completed,1299.73,2023-11,Not_Retained,,,,72
8,90120,Credit,16-11-2023,Failed,2130.76,2023-11,Not_Retained,,,,77
8,85454,Debit to personal account,21-11-2023,Failed,2522.45,2023-11,Not_Retained,,,,80
8,29342,Credit,08-11-2023,Completed,3914.26,2023-11,Not_Retained,,,,88
9,16582,Debit to personal account,15-11-2023,Completed,2336.66,2023-11,Not_Retained,,,,90
9,70901,Debit to merchant account,26-11-2023,Failed,3102,2023-11,Not_Retained,,,,91
9,76162,Card transaction,24-11-2023,Failed,4496.32,2023-11,Not_Retained,,,,95
9,72216,Card transaction,24-11-2023,Failed,3783.71,2023-11,Not_Retained,,,,96
9,93579,Debit to merchant account,27-11-2023,Failed,3171.07,2023-11,Not_Retained,,,,
10,45614,Debit to merchant account,08-09-2023,Failed,4475.83,2023-09,Not_Retained,,,,
10,28136,Debit to personal account,03-09-2023,Completed,1976.87,2023-09,Not_Retained,,,,
10,38043,Credit,05-09-2023,Failed,2097.24,2023-09,Not_Retained,,,,
11,65069,Card transaction,27-10-2023,Completed,4297.99,2023-10,Not_Retained,,,,
11,85456,Card transaction,25-10-2023,Failed,128.89,2023-10,Not_Retained,,,,
11,61116,Card transaction,10-09-2023,Completed,2492.32,2023-09,Not_Retained,,,,
11,67125,Card transaction,09-09-2023,Completed,2005.4,2023-09,Not_Retained,,,,
11,99016,Card transaction,22-09-2023,Completed,4218.48,2023-09,Not_Retained,,,,
12,96900,Credit,19-11-2023,Completed,3249.47,2023-11,Retained,,,,
12,70515,Debit to personal account,05-11-2023,Completed,1374.77,2023-11,Retained,,,,
12,37742,Card transaction,11-11-2023,Failed,1753.75,2023-11,Retained,,,,
12,46471,Card transaction,13-11-2023,Failed,4191.06,2023-11,Retained,,,,
12,12540,Credit,16-11-2023,Failed,1198.69,2023-11,Retained,,,,
12,95426,Credit,25-09-2023,Completed,4753.1,2023-09,Retained,,,,
12,12671,Debit to personal account,27-10-2023,Completed,718.48,2023-10,Retained,,,,
12,24993,Debit to personal account,22-10-2023,Failed,3527.38,2023-10,Retained,,,,
13,85849,Credit,04-09-2023,Failed,2921.4,2023-09,Retained,,,,
13,61990,Debit to personal account,13-09-2023,Completed,3001.28,2023-09,Retained,,,,
13,92213,Debit to personal account,27-09-2023,Completed,3516.25,2023-09,Retained,,,,
13,99687,Credit,28-11-2023,Completed,1801.3,2023-11,Retained,,,,
13,96706,Debit to merchant account,14-11-2023,Completed,2579.21,2023-11,Retained,,,,
13,11658,Card transaction,11-11-2023,Failed,617.14,2023-11,Retained,,,,
13,70258,Debit to personal account,21-10-2023,Failed,963.07,2023-10,Retained,,,,
13,95256,Debit to merchant account,17-10-2023,Failed,2377.88,2023-10,Retained,,,,
13,87656,Debit to merchant account,27-10-2023,Failed,4273.39,2023-10,Retained,,,,
14,70910,Card transaction,25-09-2023,Failed,240.63,2023-09,Retained,,,,
14,52600,Debit to personal account,28-09-2023,Failed,1139.39,2023-09,Retained,,,,
14,46655,Debit to merchant account,11-10-2023,Completed,2631.47,2023-10,Retained,,,,
14,21221,Debit to personal account,07-10-2023,Failed,2494.03,2023-10,Retained,,,,
14,41499,Card transaction,25-10-2023,Failed,2296.06,2023-10,Retained,,,,
14,48566,Debit to personal account,03-11-2023,Failed,3489.76,2023-11,Retained,,,,
15,82544,Debit to merchant account,16-11-2023,Failed,4983.49,2023-11,Not_Retained,,,,
15,53357,Debit to merchant account,18-11-2023,Failed,1427.49,2023-11,Not_Retained,,,,
15,40217,Credit,09-11-2023,Completed,1646.18,2023-11,Not_Retained,,,,
16,73464,Debit to merchant account,24-11-2023,Failed,4904.5,2023-11,Retained,,,,
16,35443,Debit to merchant account,27-11-2023,Completed,1868.32,2023-11,Retained,,,,
16,80010,Debit to personal account,01-09-2023,Failed,323.03,2023-09,Retained,,,,
16,82529,Debit to merchant account,02-09-2023,Completed,3225.56,2023-09,Retained,,,,
16,74340,Credit,25-09-2023,Completed,2912.91,2023-09,Retained,,,,
16,67733,Debit to merchant account,16-10-2023,Completed,4830.94,2023-10,Retained,,,,
16,72616,Credit,09-10-2023,Completed,2063.47,2023-10,Retained,,,,
16,85631,Credit,03-10-2023,Completed,831.07,2023-10,Retained,,,,
16,49824,Credit,19-10-2023,Completed,680.41,2023-10,Retained,,,,
17,48974,Card transaction,15-11-2023,Failed,2886.28,2023-11,Retained,,,,
17,89905,Credit,02-11-2023,Completed,3165.02,2023-11,Retained,,,,
17,96563,Credit,09-11-2023,Completed,1275.34,2023-11,Retained,,,,
17,19838,Debit to personal account,18-11-2023,Completed,2101.74,2023-11,Retained,,,,
17,48175,Credit,16-09-2023,Completed,1511.71,2023-09,Retained,,,,
17,69510,Credit,10-09-2023,Completed,4627.16,2023-09,Retained,,,,
17,91927,Debit to personal account,26-09-2023,Failed,662.4,2023-09,Retained,,,,
17,94886,Debit to personal account,08-09-2023,Failed,4150.49,2023-09,Retained,,,,
17,17816,Debit to personal account,03-09-2023,Failed,3015.72,2023-09,Retained,,,,
17,67560,Credit,10-10-2023,Failed,3474.52,2023-10,Retained,,,,
17,62757,Debit to merchant account,23-10-2023,Failed,2245.02,2023-10,Retained,,,,
17,15224,Card transaction,20-10-2023,Failed,3058.2,2023-10,Retained,,,,
17,21970,Debit to personal account,01-10-2023,Completed,4997.9,2023-10,Retained,,,,
17,45325,Credit,22-10-2023,Completed,2405.45,2023-10,Retained,,,,
18,93202,Card transaction,14-10-2023,Completed,2403.05,2023-10,Not_Retained,,,,
18,53687,Debit to merchant account,14-10-2023,Completed,4302.89,2023-10,Not_Retained,,,,
18,63955,Card transaction,11-10-2023,Failed,3346.66,2023-10,Not_Retained,,,,
18,82102,Credit,13-10-2023,Failed,531.49,2023-10,Not_Retained,,,,
18,52372,Credit,09-10-2023,Failed,4338.06,2023-10,Not_Retained,,,,
18,81118,Card transaction,22-09-2023,Failed,365.6,2023-09,Not_Retained,,,,
19,16764,Debit to personal account,25-11-2023,Failed,2791.18,2023-11,Not_Retained,,,,
19,67424,Card transaction,10-11-2023,Completed,241.46,2023-11,Not_Retained,,,,
19,89806,Debit to personal account,21-11-2023,Completed,1622.68,2023-11,Not_Retained,,,,
19,82384,Card transaction,01-11-2023,Completed,1201.03,2023-11,Not_Retained,,,,
19,25396,Debit to personal account,15-10-2023,Failed,4670,2023-10,Not_Retained,,,,
20,73242,Card transaction,14-11-2023,Completed,2338.25,2023-11,Not_Retained,,,,
20,60277,Debit to personal account,05-11-2023,Completed,4333.73,2023-11,Not_Retained,,,,
20,64387,Debit to merchant account,09-11-2023,Failed,4120.69,2023-11,Not_Retained,,,,
21,96499,Card transaction,19-10-2023,Completed,2288.08,2023-10,Not_Retained,,,,
21,55236,Debit to merchant account,16-10-2023,Failed,2331.19,2023-10,Not_Retained,,,,
21,34727,Debit to personal account,11-10-2023,Failed,1244.46,2023-10,Not_Retained,,,,
21,63841,Credit,25-10-2023,Failed,3749.06,2023-10,Not_Retained,,,,
21,59968,Card transaction,23-10-2023,Completed,2527.11,2023-10,Not_Retained,,,,
22,23154,Card transaction,11-11-2023,Completed,2677.16,2023-11,Not_Retained,,,,
22,12011,Debit to personal account,15-11-2023,Failed,4367.57,2023-11,Not_Retained,,,,
22,19807,Card transaction,05-11-2023,Failed,1758.95,2023-11,Not_Retained,,,,
22,62098,Credit,23-11-2023,Failed,4276.47,2023-11,Not_Retained,,,,
22,79942,Card transaction,28-11-2023,Failed,3171.32,2023-11,Not_Retained,,,,
23,99705,Debit to merchant account,21-10-2023,Completed,3759.16,2023-10,Retained,,,,
23,22903,Credit,14-10-2023,Failed,915.19,2023-10,Retained,,,,
23,16028,Debit to merchant account,01-09-2023,Completed,1537.5,2023-09,Retained,,,,
23,66450,Debit to personal account,12-09-2023,Completed,2702.71,2023-09,Retained,,,,
23,99364,Debit to personal account,19-09-2023,Completed,957.84,2023-09,Retained,,,,
23,60140,Debit to personal account,28-11-2023,Failed,4572.86,2023-11,Retained,,,,
23,40433,Card transaction,05-11-2023,Failed,2351.9,2023-11,Retained,,,,
23,11231,Card transaction,22-11-2023,Failed,3420.29,2023-11,Retained,,,,
23,19681,Card transaction,06-11-2023,Failed,4939.49,2023-11,Retained,,,,
23,93746,Card transaction,10-11-2023,Failed,2338.5,2023-11,Retained,,,,
24,41091,Card transaction,04-10-2023,Failed,2916.58,2023-10,Not_Retained,,,,
24,48696,Credit,23-10-2023,Failed,1444.95,2023-10,Not_Retained,,,,
24,99889,Credit,19-10-2023,Failed,4180.91,2023-10,Not_Retained,,,,
24,40162,Debit to merchant account,10-10-2023,Completed,3219.43,2023-10,Not_Retained,,,,
25,94717,Credit,21-11-2023,Failed,3964.19,2023-11,Not_Retained,,,,
25,57823,Debit to personal account,19-09-2023,Completed,4557.18,2023-09,Not_Retained,,,,
26,27322,Debit to merchant account,07-10-2023,Failed,4169.32,2023-10,Not_Retained,,,,
26,73156,Debit to merchant account,09-10-2023,Failed,4040.74,2023-10,Not_Retained,,,,
27,98647,Card transaction,28-09-2023,Failed,542.48,2023-09,Not_Retained,,,,
27,11824,Debit to merchant account,13-09-2023,Completed,2328.45,2023-09,Not_Retained,,,,
27,59941,Debit to merchant account,19-11-2023,Completed,3406.7,2023-11,Not_Retained,,,,
27,13280,Debit to merchant account,16-11-2023,Completed,3273.5,2023-11,Not_Retained,,,,
27,70852,Debit to merchant account,21-11-2023,Failed,671.71,2023-11,Not_Retained,,,,
28,25220,Credit,16-09-2023,Completed,4447.57,2023-09,Not_Retained,,,,
28,60940,Card transaction,05-09-2023,Failed,3385.38,2023-09,Not_Retained,,,,
28,80804,Card transaction,24-09-2023,Completed,4438.53,2023-09,Not_Retained,,,,
29,58566,Debit to personal account,02-10-2023,Failed,2279.01,2023-10,Not_Retained,,,,
29,57537,Credit,08-10-2023,Failed,2767.88,2023-10,Not_Retained,,,,
29,57012,Credit,21-10-2023,Failed,1451.82,2023-10,Not_Retained,,,,
29,69600,Credit,28-11-2023,Completed,3244.35,2023-11,Not_Retained,,,,
30,26505,Debit to personal account,08-09-2023,Completed,4166.11,2023-09,Not_Retained,,,,
30,37152,Debit to personal account,18-09-2023,Completed,1709.94,2023-09,Not_Retained,,,,
30,88116,Credit,05-09-2023,Failed,4306.19,2023-09,Not_Retained,,,,
30,80807,Debit to merchant account,05-11-2023,Completed,638.64,2023-11,Not_Retained,,,,
30,13379,Debit to personal account,28-11-2023,Completed,1855.39,2023-11,Not_Retained,,,,
31,16868,Debit to personal account,09-11-2023,Failed,2677.82,2023-11,Retained,,,,
31,18330,Card transaction,24-11-2023,Failed,3912.28,2023-11,Retained,,,,
31,24293,Card transaction,19-10-2023,Completed,4732.54,2023-10,Retained,,,,
31,96363,Debit to merchant account,02-10-2023,Failed,3252.37,2023-10,Retained,,,,
31,17972,Card transaction,01-10-2023,Failed,2188.74,2023-10,Retained,,,,
31,74260,Card transaction,04-10-2023,Completed,4506.41,2023-10,Retained,,,,
31,89730,Debit to personal account,11-10-2023,Completed,718.34,2023-10,Retained,,,,
31,86724,Debit to merchant account,21-09-2023,Failed,4973.68,2023-09,Retained,,,,
31,48652,Card transaction,17-09-2023,Failed,585.97,2023-09,Retained,,,,
31,24996,Debit to personal account,23-09-2023,Failed,2312.62,2023-09,Retained,,,,
31,64239,Debit to merchant account,08-09-2023,Failed,2053.78,2023-09,Retained,,,,
31,22463,Debit to merchant account,24-09-2023,Failed,1631.37,2023-09,Retained,,,,
32,21957,Credit,03-09-2023,Completed,2216.19,2023-09,Not_Retained,,,,
32,58843,Debit to personal account,24-09-2023,Completed,2973.68,2023-09,Not_Retained,,,,
32,83620,Debit to merchant account,18-09-2023,Completed,2112.96,2023-09,Not_Retained,,,,
32,97207,Card transaction,28-09-2023,Completed,4845.15,2023-09,Not_Retained,,,,
33,37884,Debit to personal account,17-10-2023,Failed,1198.8,2023-10,Not_Retained,,,,
33,55890,Debit to merchant account,04-10-2023,Completed,3836.77,2023-10,Not_Retained,,,,
33,39643,Card transaction,19-10-2023,Completed,3084.08,2023-10,Not_Retained,,,,
33,45054,Credit,22-10-2023,Completed,1439.02,2023-10,Not_Retained,,,,
33,50499,Debit to merchant account,25-10-2023,Failed,129.92,2023-10,Not_Retained,,,,
33,96159,Card transaction,19-09-2023,Completed,795.19,2023-09,Not_Retained,,,,
33,14018,Credit,21-09-2023,Completed,1943.35,2023-09,Not_Retained,,,,
34,52517,Credit,24-09-2023,Completed,862.34,2023-09,Not_Retained,,,,
34,90981,Credit,25-09-2023,Completed,1433.3,2023-09,Not_Retained,,,,
34,65576,Card transaction,22-09-2023,Failed,2129.5,2023-09,Not_Retained,,,,
34,77154,Credit,25-10-2023,Failed,2206.58,2023-10,Not_Retained,,,,
34,98895,Card transaction,10-10-2023,Failed,322.55,2023-10,Not_Retained,,,,
35,36794,Debit to merchant account,01-11-2023,Completed,3860.01,2023-11,Not_Retained,,,,
36,66446,Debit to personal account,16-10-2023,Completed,1963.02,2023-10,Retained,,,,
36,83233,Debit to merchant account,17-11-2023,Completed,2045.65,2023-11,Retained,,,,
36,15544,Card transaction,24-11-2023,Completed,2352.8,2023-11,Retained,,,,
36,51033,Card transaction,28-09-2023,Failed,3576.54,2023-09,Retained,,,,
37,32527,Card transaction,11-09-2023,Failed,531.84,2023-09,Not_Retained,,,,
37,67104,Card transaction,08-10-2023,Completed,2039.26,2023-10,Not_Retained,,,,
38,32037,Credit,11-10-2023,Completed,2699.96,2023-10,Not_Retained,,,,
38,55793,Debit to merchant account,07-10-2023,Completed,1257.72,2023-10,Not_Retained,,,,
39,30036,Credit,20-09-2023,Completed,4761.33,2023-09,Not_Retained,,,,
39,74764,Card transaction,21-09-2023,Failed,3437.55,2023-09,Not_Retained,,,,
40,18950,Card transaction,15-11-2023,Failed,3193.79,2023-11,Retained,,,,
40,46002,Credit,26-11-2023,Failed,2585.95,2023-11,Retained,,,,
40,69233,Credit,15-10-2023,Completed,1906.81,2023-10,Retained,,,,
40,20057,Credit,10-10-2023,Failed,2367.29,2023-10,Retained,,,,
40,15376,Card transaction,18-10-2023,Completed,1675.48,2023-10,Retained,,,,
40,29773,Credit,17-09-2023,Failed,607.16,2023-09,Retained,,,,
40,55015,Credit,27-09-2023,Completed,291.8,2023-09,Retained,,,,
40,67377,Card transaction,23-09-2023,Completed,1883.1,2023-09,Retained,,,,
40,60779,Card transaction,10-09-2023,Failed,3426.6,2023-09,Retained,,,,
41,53213,Credit,03-11-2023,Failed,1492.32,2023-11,Not_Retained,,,,
41,96057,Debit to personal account,24-11-2023,Failed,499.36,2023-11,Not_Retained,,,,
41,28537,Debit to merchant account,22-11-2023,Failed,4841.71,2023-11,Not_Retained,,,,
42,21104,Debit to merchant account,23-10-2023,Failed,3253.12,2023-10,Not_Retained,,,,
42,26750,Credit,11-10-2023,Failed,2591.59,2023-10,Not_Retained,,,,
42,57526,Debit to merchant account,01-10-2023,Completed,4760.73,2023-10,Not_Retained,,,,
42,73736,Debit to personal account,11-10-2023,Completed,4999.89,2023-10,Not_Retained,,,,
42,20114,Debit to merchant account,05-10-2023,Completed,2587.68,2023-10,Not_Retained,,,,
42,79013,Credit,27-09-2023,Failed,4394.32,2023-09,Not_Retained,,,,
42,27176,Card transaction,20-09-2023,Completed,895.01,2023-09,Not_Retained,,,,
42,91885,Debit to personal account,27-09-2023,Failed,314.09,2023-09,Not_Retained,,,,
42,98652,Debit to personal account,12-09-2023,Failed,3091.92,2023-09,Not_Retained,,,,
42,68841,Debit to personal account,25-09-2023,Completed,1616.39,2023-09,Not_Retained,,,,
43,70513,Debit to merchant account,15-10-2023,Failed,2564.24,2023-10,Retained,,,,
43,31241,Debit to personal account,14-10-2023,Completed,4377.71,2023-10,Retained,,,,
43,94040,Card transaction,02-10-2023,Failed,2817.25,2023-10,Retained,,,,
43,77621,Credit,04-10-2023,Failed,510.99,2023-10,Retained,,,,
43,45755,Card transaction,06-10-2023,Completed,4172.13,2023-10,Retained,,,,
43,69130,Debit to merchant account,08-09-2023,Completed,2132.99,2023-09,Retained,,,,
43,59015,Debit to personal account,17-11-2023,Failed,4973.17,2023-11,Retained,,,,
43,39430,Credit,12-11-2023,Failed,4661.05,2023-11,Retained,,,,
43,95191,Debit to merchant account,27-11-2023,Completed,774.24,2023-11,Retained,,,,
43,71925,Debit to personal account,10-11-2023,Failed,2298.15,2023-11,Retained,,,,
44,38266,Debit to personal account,09-09-2023,Failed,644.82,2023-09,Not_Retained,,,,
45,41252,Card transaction,02-10-2023,Failed,407.76,2023-10,Not_Retained,,,,
46,66261,Credit,10-10-2023,Failed,1278.76,2023-10,Retained,,,,
46,34551,Credit,14-10-2023,Failed,431.63,2023-10,Retained,,,,
46,76496,Credit,18-09-2023,Failed,4379.32,2023-09,Retained,,,,
46,93318,Card transaction,02-09-2023,Failed,1342.89,2023-09,Retained,,,,
46,56805,Credit,01-09-2023,Failed,1281.52,2023-09,Retained,,,,
46,92346,Credit,22-09-2023,Failed,753.71,2023-09,Retained,,,,
46,81567,Debit to merchant account,12-09-2023,Completed,4168.88,2023-09,Retained,,,,
46,72722,Debit to personal account,23-11-2023,Completed,409.19,2023-11,Retained,,,,
46,69988,Credit,25-11-2023,Failed,1087.8,2023-11,Retained,,,,
46,36144,Credit,26-11-2023,Failed,4673.52,2023-11,Retained,,,,
46,62196,Card transaction,17-11-2023,Failed,279.44,2023-11,Retained,,,,
47,95948,Debit to merchant account,28-10-2023,Failed,709.93,2023-10,Not_Retained,,,,
47,62431,Card transaction,14-11-2023,Failed,1761.28,2023-11,Not_Retained,,,,
47,75038,Card transaction,06-11-2023,Failed,4629.12,2023-11,Not_Retained,,,,
47,44959,Credit,17-11-2023,Failed,486.74,2023-11,Not_Retained,,,,
48,20494,Debit to merchant account,04-09-2023,Failed,1601.83,2023-09,Not_Retained,,,,
48,65851,Debit to personal account,20-09-2023,Failed,1822.58,2023-09,Not_Retained,,,,
48,56210,Card transaction,02-09-2023,Failed,3233.4,2023-09,Not_Retained,,,,
48,97973,Card transaction,03-10-2023,Failed,2614.12,2023-10,Not_Retained,,,,
49,67432,Credit,22-09-2023,Completed,429.44,2023-09,Retained,,,,
49,94562,Debit to merchant account,25-09-2023,Failed,1975.99,2023-09,Retained,,,,
49,14244,Debit to personal account,19-09-2023,Failed,4749.24,2023-09,Retained,,,,
49,68188,Credit,12-09-2023,Completed,2694.35,2023-09,Retained,,,,
49,51207,Debit to merchant account,13-09-2023,Completed,4806.55,2023-09,Retained,,,,
49,34385,Card transaction,24-11-2023,Failed,4576.36,2023-11,Retained,,,,
49,44116,Card transaction,09-10-2023,Completed,4982.19,2023-10,Retained,,,,
50,27790,Credit,04-10-2023,Failed,946.02,2023-10,Not_Retained,,,,
50,68341,Credit,23-10-2023,Failed,3372.41,2023-10,Not_Retained,,,,
51,93584,Debit to personal account,23-11-2023,Failed,2592.9,2023-11,Retained,,,,
51,36342,Debit to personal account,04-11-2023,Completed,3972.83,2023-11,Retained,,,,
51,82616,Debit to merchant account,12-10-2023,Failed,4037.94,2023-10,Retained,,,,
51,90209,Credit,05-09-2023,Completed,1615.52,2023-09,Retained,,,,
51,72739,Card transaction,23-09-2023,Failed,4134.36,2023-09,Retained,,,,
51,26426,Debit to merchant account,03-09-2023,Completed,2304.88,2023-09,Retained,,,,
51,77811,Debit to merchant account,22-09-2023,Completed,4402,2023-09,Retained,,,,
51,82260,Debit to personal account,25-09-2023,Completed,2219.83,2023-09,Retained,,,,
52,31229,Debit to merchant account,06-09-2023,Completed,1795.51,2023-09,Retained,,,,
52,47230,Credit,17-09-2023,Failed,1061.88,2023-09,Retained,,,,
52,45972,Debit to personal account,18-09-2023,Failed,3110.7,2023-09,Retained,,,,
52,94015,Debit to personal account,17-11-2023,Completed,938.88,2023-11,Retained,,,,
52,89316,Debit to merchant account,24-10-2023,Completed,4143.66,2023-10,Retained,,,,
52,20646,Credit,01-10-2023,Failed,3290.54,2023-10,Retained,,,,
52,84991,Card transaction,25-10-2023,Completed,2540.39,2023-10,Retained,,,,
52,81509,Debit to merchant account,21-10-2023,Failed,2466.43,2023-10,Retained,,,,
52,99783,Card transaction,26-10-2023,Failed,2322.37,2023-10,Retained,,,,
53,70875,Debit to personal account,16-09-2023,Failed,3072.64,2023-09,Not_Retained,,,,
53,51853,Debit to merchant account,11-09-2023,Failed,740.75,2023-09,Not_Retained,,,,
53,77499,Credit,12-09-2023,Failed,1284.52,2023-09,Not_Retained,,,,
53,45058,Card transaction,04-09-2023,Completed,790.3,2023-09,Not_Retained,,,,
53,60351,Card transaction,10-10-2023,Completed,4817.16,2023-10,Not_Retained,,,,
54,77466,Card transaction,16-10-2023,Failed,4407.47,2023-10,Retained,,,,
54,13037,Credit,16-10-2023,Failed,2576.68,2023-10,Retained,,,,
54,86460,Debit to merchant account,07-11-2023,Completed,347.65,2023-11,Retained,,,,
54,88317,Card transaction,16-11-2023,Failed,2729.78,2023-11,Retained,,,,
54,27555,Debit to merchant account,14-09-2023,Failed,3842.9,2023-09,Retained,,,,
55,83638,Debit to personal account,19-10-2023,Failed,2810.79,2023-10,Not_Retained,,,,
56,82070,Debit to merchant account,25-11-2023,Completed,730.45,2023-11,Not_Retained,,,,
56,61629,Debit to merchant account,04-11-2023,Failed,2833.38,2023-11,Not_Retained,,,,
56,28909,Debit to personal account,12-11-2023,Failed,2550.38,2023-11,Not_Retained,,,,
56,15100,Debit to personal account,02-11-2023,Failed,4039.43,2023-11,Not_Retained,,,,
57,51750,Debit to personal account,20-09-2023,Failed,4954.02,2023-09,Not_Retained,,,,
57,49221,Debit to merchant account,24-09-2023,Failed,3572.83,2023-09,Not_Retained,,,,
57,72245,Credit,10-09-2023,Failed,1723.07,2023-09,Not_Retained,,,,
57,86507,Debit to merchant account,14-11-2023,Completed,3024.86,2023-11,Not_Retained,,,,
58,39824,Credit,19-11-2023,Failed,935.51,2023-11,Not_Retained,,,,
58,91230,Card transaction,21-11-2023,Completed,4126.14,2023-11,Not_Retained,,,,
58,14138,Credit,08-11-2023,Completed,192.79,2023-11,Not_Retained,,,,
58,64890,Debit to personal account,11-11-2023,Failed,3483.45,2023-11,Not_Retained,,,,
58,75774,Card transaction,14-11-2023,Completed,3558.3,2023-11,Not_Retained,,,,
59,59391,Debit to merchant account,17-11-2023,Completed,2352.35,2023-11,Not_Retained,,,,
59,54869,Debit to merchant account,18-11-2023,Failed,3089.38,2023-11,Not_Retained,,,,
59,42311,Debit to merchant account,07-11-2023,Failed,1201.85,2023-11,Not_Retained,,,,
59,47880,Debit to personal account,10-11-2023,Failed,1653.5,2023-11,Not_Retained,,,,
59,45842,Debit to merchant account,18-10-2023,Completed,2910.04,2023-10,Not_Retained,,,,
59,59767,Card transaction,18-10-2023,Failed,4777.58,2023-10,Not_Retained,,,,
59,29198,Debit to merchant account,26-10-2023,Completed,1509.39,2023-10,Not_Retained,,,,
60,36485,Debit to merchant account,07-10-2023,Failed,772.64,2023-10,Retained,,,,
60,86917,Debit to personal account,20-10-2023,Completed,348.75,2023-10,Retained,,,,
60,39579,Debit to personal account,17-10-2023,Completed,590.97,2023-10,Retained,,,,
60,71918,Credit,11-10-2023,Completed,125.39,2023-10,Retained,,,,
60,63334,Card transaction,06-11-2023,Failed,3287.64,2023-11,Retained,,,,
60,47649,Debit to merchant account,25-11-2023,Failed,3264.9,2023-11,Retained,,,,
60,21725,Debit to personal account,25-11-2023,Completed,4574.83,2023-11,Retained,,,,
60,64773,Debit to personal account,06-11-2023,Completed,4986.14,2023-11,Retained,,,,
60,74930,Debit to personal account,13-11-2023,Failed,4396.04,2023-11,Retained,,,,
60,84443,Credit,10-09-2023,Failed,1494.35,2023-09,Retained,,,,
61,45761,Debit to personal account,15-11-2023,Completed,1720.35,2023-11,Retained,,,,
61,70150,Debit to merchant account,24-11-2023,Completed,169.01,2023-11,Retained,,,,
61,48669,Debit to personal account,11-11-2023,Completed,3093.68,2023-11,Retained,,,,
61,63148,Card transaction,21-11-2023,Failed,525.02,2023-11,Retained,,,,
61,22502,Debit to personal account,22-11-2023,Completed,2439.53,2023-11,Retained,,,,
61,44181,Card transaction,01-10-2023,Completed,2289,2023-10,Retained,,,,
61,53204,Debit to merchant account,09-10-2023,Completed,1381.61,2023-10,Retained,,,,
61,40972,Credit,23-09-2023,Completed,2380.44,2023-09,Retained,,,,
61,63138,Debit to merchant account,06-09-2023,Completed,3229.69,2023-09,Retained,,,,
61,58174,Debit to personal account,10-09-2023,Completed,4791.07,2023-09,Retained,,,,
62,81989,Card transaction,23-10-2023,Completed,3833.11,2023-10,Not_Retained,,,,
62,88094,Credit,22-10-2023,Failed,2688.05,2023-10,Not_Retained,,,,
62,20237,Credit,12-10-2023,Completed,4160.99,2023-10,Not_Retained,,,,
62,36497,Debit to personal account,17-10-2023,Completed,1707.78,2023-10,Not_Retained,,,,
62,25235,Debit to personal account,15-11-2023,Failed,545.61,2023-11,Not_Retained,,,,
62,68390,Credit,17-11-2023,Failed,746.53,2023-11,Not_Retained,,,,
62,69873,Credit,14-11-2023,Failed,3396.56,2023-11,Not_Retained,,,,
62,12853,Card transaction,10-11-2023,Failed,4100.62,2023-11,Not_Retained,,,,
62,38560,Credit,24-11-2023,Completed,2176.12,2023-11,Not_Retained,,,,
63,47629,Card transaction,02-11-2023,Completed,3867.96,2023-11,Retained,,,,
63,94085,Card transaction,25-11-2023,Failed,4965,2023-11,Retained,,,,
63,68790,Card transaction,13-11-2023,Failed,493.22,2023-11,Retained,,,,
63,80687,Debit to personal account,22-11-2023,Failed,681.3,2023-11,Retained,,,,
63,79316,Debit to personal account,13-09-2023,Completed,4190.63,2023-09,Retained,,,,
63,12979,Debit to merchant account,25-09-2023,Failed,3400.15,2023-09,Retained,,,,
63,65591,Card transaction,18-09-2023,Completed,1312.81,2023-09,Retained,,,,
63,30332,Debit to merchant account,12-09-2023,Completed,4693.31,2023-09,Retained,,,,
63,24790,Credit,24-09-2023,Failed,3113.12,2023-09,Retained,,,,
63,37011,Credit,08-10-2023,Completed,3010.33,2023-10,Retained,,,,
64,15798,Card transaction,24-11-2023,Failed,1248.26,2023-11,Not_Retained,,,,
64,17398,Debit to personal account,07-11-2023,Failed,1247.39,2023-11,Not_Retained,,,,
64,85690,Debit to merchant account,11-09-2023,Completed,1578.65,2023-09,Not_Retained,,,,
64,96535,Debit to personal account,05-09-2023,Failed,1572.45,2023-09,Not_Retained,,,,
64,82970,Debit to personal account,02-09-2023,Failed,2823.67,2023-09,Not_Retained,,,,
64,55143,Card transaction,02-09-2023,Failed,3511.91,2023-09,Not_Retained,,,,
64,29558,Debit to merchant account,14-09-2023,Failed,1001.01,2023-09,Not_Retained,,,,
65,28920,Card transaction,28-09-2023,Completed,2855.69,2023-09,Not_Retained,,,,
65,83044,Debit to personal account,14-09-2023,Failed,1290.01,2023-09,Not_Retained,,,,
65,53288,Credit,07-09-2023,Failed,4250.95,2023-09,Not_Retained,,,,
65,34966,Credit,18-11-2023,Failed,1948.12,2023-11,Not_Retained,,,,
66,87015,Debit to personal account,26-09-2023,Failed,1123.56,2023-09,Not_Retained,,,,
66,49739,Credit,11-09-2023,Completed,4692.08,2023-09,Not_Retained,,,,
66,72773,Debit to personal account,24-11-2023,Completed,2043.5,2023-11,Not_Retained,,,,
67,71112,Debit to merchant account,13-10-2023,Failed,1381.65,2023-10,Not_Retained,,,,
67,75179,Card transaction,17-10-2023,Completed,4033.8,2023-10,Not_Retained,,,,
67,71537,Debit to merchant account,24-10-2023,Completed,1916.45,2023-10,Not_Retained,,,,
68,44180,Card transaction,01-11-2023,Failed,846.82,2023-11,Not_Retained,,,,
68,40149,Card transaction,11-11-2023,Completed,2546.58,2023-11,Not_Retained,,,,
68,74044,Card transaction,09-09-2023,Failed,924.34,2023-09,Not_Retained,,,,
68,56160,Debit to personal account,26-09-2023,Completed,3629.54,2023-09,Not_Retained,,,,
68,34123,Credit,16-09-2023,Completed,4211.44,2023-09,Not_Retained,,,,
69,10836,Card transaction,25-11-2023,Completed,4228.47,2023-11,Not_Retained,,,,
70,38668,Card transaction,01-11-2023,Failed,396.21,2023-11,Not_Retained,,,,
70,97392,Card transaction,21-11-2023,Failed,177.09,2023-11,Not_Retained,,,,
71,46010,Debit to merchant account,17-10-2023,Completed,2560.86,2023-10,Not_Retained,,,,
71,33496,Credit,26-09-2023,Completed,2669.49,2023-09,Not_Retained,,,,
71,35156,Debit to merchant account,08-09-2023,Failed,1409.89,2023-09,Not_Retained,,,,
71,20357,Debit to merchant account,13-09-2023,Failed,2349.09,2023-09,Not_Retained,,,,
71,39603,Debit to merchant account,08-09-2023,Completed,3303.31,2023-09,Not_Retained,,,,
72,82443,Card transaction,13-09-2023,Completed,3220.07,2023-09,Retained,,,,
72,32463,Credit,23-09-2023,Failed,4242.12,2023-09,Retained,,,,
72,53420,Credit,21-09-2023,Completed,1225.86,2023-09,Retained,,,,
72,84289,Card transaction,28-09-2023,Failed,328.15,2023-09,Retained,,,,
72,46749,Credit,22-11-2023,Completed,4650.96,2023-11,Retained,,,,
72,37152,Debit to personal account,01-10-2023,Failed,4651.49,2023-10,Retained,,,,
72,31292,Debit to personal account,10-10-2023,Failed,3417.47,2023-10,Retained,,,,
72,53480,Card transaction,18-10-2023,Completed,3973.44,2023-10,Retained,,,,
73,67290,Debit to personal account,04-09-2023,Completed,1768.9,2023-09,Not_Retained,,,,
73,61996,Debit to merchant account,20-10-2023,Completed,3207.2,2023-10,Not_Retained,,,,
73,69054,Card transaction,26-10-2023,Completed,1843.47,2023-10,Not_Retained,,,,
73,66603,Debit to personal account,13-10-2023,Failed,519.9,2023-10,Not_Retained,,,,
73,48715,Debit to personal account,20-10-2023,Completed,501.99,2023-10,Not_Retained,,,,
73,59807,Debit to personal account,05-10-2023,Failed,1651.72,2023-10,Not_Retained,,,,
74,57175,Debit to merchant account,15-09-2023,Completed,749.28,2023-09,Not_Retained,,,,
74,66489,Card transaction,06-09-2023,Failed,606.14,2023-09,Not_Retained,,,,
74,56388,Credit,03-09-2023,Failed,4332.22,2023-09,Not_Retained,,,,
75,21101,Debit to personal account,25-10-2023,Completed,3458.05,2023-10,Not_Retained,,,,
75,28198,Debit to merchant account,06-10-2023,Failed,1415.19,2023-10,Not_Retained,,,,
75,18292,Debit to personal account,05-10-2023,Failed,1452.21,2023-10,Not_Retained,,,,
75,73469,Credit,10-10-2023,Failed,1333.33,2023-10,Not_Retained,,,,
76,90828,Debit to personal account,20-11-2023,Failed,624.16,2023-11,Not_Retained,,,,
76,10887,Card transaction,10-11-2023,Failed,4223.91,2023-11,Not_Retained,,,,
76,53193,Card transaction,13-11-2023,Failed,2210.02,2023-11,Not_Retained,,,,
76,95332,Debit to personal account,27-11-2023,Failed,1671.26,2023-11,Not_Retained,,,,
77,51830,Debit to merchant account,13-09-2023,Failed,4842.04,2023-09,Retained,,,,
77,41775,Debit to merchant account,26-09-2023,Failed,1473.47,2023-09,Retained,,,,
77,24927,Debit to personal account,12-10-2023,Completed,3440.39,2023-10,Retained,,,,
77,13527,Card transaction,18-10-2023,Completed,2248.43,2023-10,Retained,,,,
77,19064,Card transaction,10-10-2023,Failed,781.98,2023-10,Retained,,,,
77,41722,Debit to merchant account,10-10-2023,Completed,3604.66,2023-10,Retained,,,,
77,68860,Card transaction,03-11-2023,Failed,2718.4,2023-11,Retained,,,,
77,64827,Credit,28-11-2023,Failed,3538.01,2023-11,Retained,,,,
77,80373,Credit,26-11-2023,Completed,3867.87,2023-11,Retained,,,,
77,97122,Debit to merchant account,22-11-2023,Completed,3270.3,2023-11,Retained,,,,
78,53463,Card transaction,25-11-2023,Completed,151.68,2023-11,Not_Retained,,,,
78,39098,Debit to personal account,09-11-2023,Failed,1933.19,2023-11,Not_Retained,,,,
78,99070,Debit to personal account,15-11-2023,Failed,4988.74,2023-11,Not_Retained,,,,
78,23703,Debit to merchant account,16-11-2023,Failed,4610.68,2023-11,Not_Retained,,,,
79,50880,Debit to merchant account,12-11-2023,Failed,3942.92,2023-11,Not_Retained,,,,
79,73298,Debit to merchant account,17-11-2023,Failed,578.35,2023-11,Not_Retained,,,,
80,25084,Credit,02-10-2023,Failed,3275.05,2023-10,Retained,,,,
80,31542,Debit to personal account,22-10-2023,Completed,2804.36,2023-10,Retained,,,,
80,83380,Card transaction,11-10-2023,Failed,1236.09,2023-10,Retained,,,,
80,34176,Debit to personal account,21-11-2023,Failed,2038.35,2023-11,Retained,,,,
80,90492,Debit to personal account,24-11-2023,Failed,3001.8,2023-11,Retained,,,,
80,10583,Debit to personal account,13-11-2023,Completed,1463.89,2023-11,Retained,,,,
80,18200,Credit,23-11-2023,Completed,1892.39,2023-11,Retained,,,,
80,24936,Debit to merchant account,15-09-2023,Failed,2685.8,2023-09,Retained,,,,
80,51078,Card transaction,21-09-2023,Failed,2976.32,2023-09,Retained,,,,
81,98288,Debit to merchant account,06-10-2023,Completed,3393.34,2023-10,Not_Retained,,,,
81,25448,Debit to personal account,11-10-2023,Failed,673.05,2023-10,Not_Retained,,,,
81,28528,Card transaction,12-10-2023,Failed,3022.49,2023-10,Not_Retained,,,,
81,60293,Card transaction,19-10-2023,Completed,2484.68,2023-10,Not_Retained,,,,
81,94575,Debit to personal account,18-10-2023,Completed,2499.25,2023-10,Not_Retained,,,,
82,17026,Debit to merchant account,20-10-2023,Completed,2474.58,2023-10,Not_Retained,,,,
82,60324,Card transaction,07-10-2023,Failed,3455.01,2023-10,Not_Retained,,,,
82,68176,Card transaction,14-10-2023,Completed,505.09,2023-10,Not_Retained,,,,
82,38905,Debit to merchant account,01-10-2023,Completed,1446.78,2023-10,Not_Retained,,,,
83,74921,Credit,24-09-2023,Completed,1412.66,2023-09,Not_Retained,,,,
83,58085,Credit,18-09-2023,Failed,2777.13,2023-09,Not_Retained,,,,
83,23423,Debit to personal account,14-09-2023,Failed,4386.57,2023-09,Not_Retained,,,,
83,68947,Debit to merchant account,02-09-2023,Failed,4324.78,2023-09,Not_Retained,,,,
83,67549,Credit,03-09-2023,Completed,1128.4,2023-09,Not_Retained,,,,
83,55957,Card transaction,23-10-2023,Completed,3119.14,2023-10,Not_Retained,,,,
83,37082,Debit to personal account,26-10-2023,Completed,2893.36,2023-10,Not_Retained,,,,
83,46842,Debit to personal account,18-10-2023,Failed,4897.1,2023-10,Not_Retained,,,,
83,47923,Debit to merchant account,10-10-2023,Completed,764.39,2023-10,Not_Retained,,,,
83,63948,Credit,25-10-2023,Failed,4348.53,2023-10,Not_Retained,,,,
84,52217,Debit to personal account,05-09-2023,Failed,2498.35,2023-09,Not_Retained,,,,
84,92890,Debit to merchant account,19-09-2023,Failed,1938.34,2023-09,Not_Retained,,,,
85,46467,Debit to merchant account,17-09-2023,Failed,4756.24,2023-09,Not_Retained,,,,
85,86278,Credit,11-09-2023,Completed,3681.57,2023-09,Not_Retained,,,,
85,93209,Debit to merchant account,15-09-2023,Completed,3998.82,2023-09,Not_Retained,,,,
85,38551,Card transaction,13-09-2023,Completed,2524.1,2023-09,Not_Retained,,,,
86,85750,Debit to personal account,18-10-2023,Failed,3962.69,2023-10,Not_Retained,,,,
86,16345,Credit,22-10-2023,Completed,3168.28,2023-10,Not_Retained,,,,
86,70238,Credit,27-10-2023,Completed,4654.22,2023-10,Not_Retained,,,,
87,36518,Debit to personal account,14-10-2023,Failed,878.99,2023-10,Not_Retained,,,,
88,58738,Debit to personal account,03-10-2023,Completed,2042.07,2023-10,Retained,,,,
88,40689,Card transaction,10-10-2023,Completed,3548.12,2023-10,Retained,,,,
88,37973,Card transaction,01-10-2023,Completed,750.23,2023-10,Retained,,,,
88,99126,Card transaction,17-09-2023,Completed,139.51,2023-09,Retained,,,,
88,25806,Card transaction,11-09-2023,Completed,2440.73,2023-09,Retained,,,,
88,21708,Credit,13-11-2023,Completed,1635.42,2023-11,Retained,,,,
88,27973,Card transaction,10-11-2023,Completed,3243.72,2023-11,Retained,,,,
89,31511,Card transaction,21-09-2023,Failed,3639.92,2023-09,Not_Retained,,,,
89,29840,Card transaction,21-09-2023,Failed,4313.82,2023-09,Not_Retained,,,,
89,23168,Debit to personal account,03-09-2023,Completed,2988.91,2023-09,Not_Retained,,,,
89,56076,Card transaction,13-09-2023,Failed,3976.28,2023-09,Not_Retained,,,,
89,46302,Credit,08-09-2023,Completed,2811.64,2023-09,Not_Retained,,,,
89,89638,Debit to merchant account,24-11-2023,Completed,4254.67,2023-11,Not_Retained,,,,
89,49537,Debit to personal account,22-11-2023,Completed,3764.43,2023-11,Not_Retained,,,,
89,94694,Credit,10-11-2023,Completed,2524.95,2023-11,Not_Retained,,,,
89,41599,Card transaction,04-11-2023,Completed,2688.6,2023-11,Not_Retained,,,,
89,57329,Debit to merchant account,01-11-2023,Completed,1995.51,2023-11,Not_Retained,,,,
90,19567,Credit,25-10-2023,Completed,167.59,2023-10,Retained,,,,
90,15220,Credit,07-10-2023,Failed,2582.39,2023-10,Retained,,,,
90,75673,Card transaction,21-10-2023,Failed,3538.87,2023-10,Retained,,,,
90,93956,Debit to personal account,03-10-2023,Failed,509.63,2023-10,Retained,,,,
90,36633,Debit to personal account,17-11-2023,Failed,2014.58,2023-11,Retained,,,,
90,67342,Debit to personal account,10-09-2023,Completed,1297.95,2023-09,Retained,,,,
91,96252,Debit to personal account,22-09-2023,Completed,162.06,2023-09,Retained,,,,
91,11487,Debit to personal account,05-09-2023,Failed,4769.78,2023-09,Retained,,,,
91,77793,Debit to merchant account,17-09-2023,Completed,1922.16,2023-09,Retained,,,,
91,25473,Credit,24-10-2023,Failed,4054.83,2023-10,Retained,,,,
91,78662,Credit,09-10-2023,Failed,3590.38,2023-10,Retained,,,,
91,92251,Credit,19-10-2023,Failed,2330.47,2023-10,Retained,,,,
91,75484,Debit to personal account,02-11-2023,Failed,870.82,2023-11,Retained,,,,
91,23487,Credit,25-11-2023,Completed,3729.82,2023-11,Retained,,,,
91,15772,Credit,01-11-2023,Completed,325.31,2023-11,Retained,,,,
92,14635,Card transaction,28-09-2023,Completed,1676.83,2023-09,Not_Retained,,,,
92,51934,Debit to merchant account,14-09-2023,Completed,2900.53,2023-09,Not_Retained,,,,
93,39253,Credit,06-11-2023,Failed,437.74,2023-11,Not_Retained,,,,
94,82494,Card transaction,03-10-2023,Completed,1907.7,2023-10,Not_Retained,,,,
94,83899,Debit to merchant account,10-10-2023,Completed,2373.24,2023-10,Not_Retained,,,,
94,74665,Debit to personal account,19-10-2023,Completed,837.78,2023-10,Not_Retained,,,,
94,40539,Debit to merchant account,01-11-2023,Completed,4759.85,2023-11,Not_Retained,,,,
94,96154,Card transaction,01-11-2023,Failed,609.35,2023-11,Not_Retained,,,,
94,41217,Card transaction,17-11-2023,Failed,4809.81,2023-11,Not_Retained,,,,
94,46677,Credit,05-11-2023,Completed,4614.24,2023-11,Not_Retained,,,,
95,21128,Credit,24-11-2023,Completed,3222.36,2023-11,Retained,,,,
95,19808,Credit,13-11-2023,Failed,3345.98,2023-11,Retained,,,,
95,41034,Debit to merchant account,05-11-2023,Failed,4269.48,2023-11,Retained,,,,
95,61505,Debit to merchant account,26-11-2023,Failed,2318.51,2023-11,Retained,,,,
95,36569,Debit to personal account,03-10-2023,Completed,861.51,2023-10,Retained,,,,
95,68925,Card transaction,06-10-2023,Failed,2091.91,2023-10,Retained,,,,
95,37215,Card transaction,12-09-2023,Failed,2370.4,2023-09,Retained,,,,
95,25717,Credit,28-09-2023,Completed,4057.22,2023-09,Retained,,,,
95,89076,Credit,10-09-2023,Completed,4196.03,2023-09,Retained,,,,
95,29441,Credit,11-09-2023,Completed,4845.16,2023-09,Retained,,,,
95,77300,Credit,13-09-2023,Failed,1374.82,2023-09,Retained,,,,
96,82105,Debit to personal account,24-09-2023,Completed,2364.01,2023-09,Retained,,,,
96,28322,Credit,26-09-2023,Completed,402.18,2023-09,Retained,,,,
96,39135,Debit to personal account,25-09-2023,Completed,4136,2023-09,Retained,,,,
96,99952,Credit,12-09-2023,Failed,4595.4,2023-09,Retained,,,,
96,12857,Credit,03-09-2023,Completed,4522.23,2023-09,Retained,,,,
96,26880,Credit,26-10-2023,Failed,700.39,2023-10,Retained,,,,
96,16637,Debit to personal account,15-10-2023,Failed,4126.26,2023-10,Retained,,,,
96,75028,Credit,13-10-2023,Failed,3447.74,2023-10,Retained,,,,
96,56392,Debit to personal account,06-10-2023,Completed,1447.41,2023-10,Retained,,,,
96,14541,Debit to personal account,05-11-2023,Failed,2544.57,2023-11,Retained,,,,
96,72787,Credit,18-11-2023,Completed,1470.9,2023-11,Retained,,,,
96,64949,Debit to personal account,05-11-2023,Completed,3190.7,2023-11,Retained,,,,
96,81258,Credit,26-11-2023,Failed,3931.39,2023-11,Retained,,,,
97,84141,Debit to merchant account,12-11-2023,Failed,1425.13,2023-11,Not_Retained,,,,
97,51795,Debit to personal account,01-11-2023,Completed,4489.25,2023-11,Not_Retained,,,,
97,46822,Credit,25-11-2023,Failed,2694.22,2023-11,Not_Retained,,,,
97,86544,Debit to personal account,25-11-2023,Completed,590.66,2023-11,Not_Retained,,,,
98,60911,Debit to merchant account,19-10-2023,Completed,962.89,2023-10,Not_Retained,,,,
98,51681,Debit to merchant account,19-10-2023,Completed,3546.92,2023-10,Not_Retained,,,,
98,83873,Debit to personal account,19-09-2023,Completed,4199.81,2023-09,Not_Retained,,,,
98,74517,Debit to merchant account,26-09-2023,Completed,2503.14,2023-09,Not_Retained,,,,
98,17362,Debit to personal account,03-09-2023,Completed,197.65,2023-09,Not_Retained,,,,
99,33260,Debit to merchant account,11-10-2023,Completed,207.37,2023-10,Not_Retained,,,,
99,28566,Credit,19-10-2023,Failed,4806.74,2023-10,Not_Retained,,,,
99,96787,Card transaction,23-09-2023,Completed,1749.15,2023-09,Not_Retained,,,,
99,27884,Debit to personal account,11-09-2023,Failed,3980.03,2023-09,Not_Retained,,,,
99,95089,Debit to merchant account,16-09-2023,Completed,3565.2,2023-09,Not_Retained,,,,
100,87194,Debit to personal account,22-11-2023,Failed,1603.43,2023-11,Not_Retained,,,,
100,48602,Debit to personal account,23-11-2023,Completed,3671.27,2023-11,Not_Retained,,,,
100,84381,Credit,13-10-2023,Completed,3051.7,2023-10,Not_Retained,,,,
100,90134,Debit to personal account,26-10-2023,Completed,4689.77,2023-10,Not_Retained,,,,
100,53406,Credit,05-10-2023,Completed,1799.37,2023-10,Not_Retained,,,,
100,32005,Credit,11-10-2023,Failed,2288.49,2023-10,Not_Retained,,,,
100,37483,Debit to personal account,09-10-2023,Completed,1817.36,2023-10,Not_Retained,,,,
